"Codec , URL: /wiki/Audio_codec
","Windows , URL: /wiki/Microsoft_Windows
","macOS , URL: /wiki/MacOS
","Linux , URL: /wiki/Linux
","BSD , URL: /wiki/BSD
","Unix , URL: /wiki/Unix
","Palm OS , URL: /wiki/Palm_OS
","Symbian OS , URL: /wiki/Symbian_OS
","Rockbox , URL: /wiki/Rockbox
","iOS , URL: /wiki/IOS
","Android , URL: /wiki/Android_(operating_system)
","Chromium , URL: /wiki/Chromium_OS
"
"AAC , URL: /wiki/Advanced_Audio_Coding
","Yes","Yes","Yes","Yes","Yes","Yes","Yes","Yes","Yes","Yes","Yes"
"AC-3 , URL: /wiki/Dolby_AC-3
","Yes","?","Yes","?","?","?","?","?","Yes","?","?"
"ALAC , URL: /wiki/Apple_Lossless
","Yes","Yes","Yes","Yes","Yes","No","No","Yes","Yes","No","No"
"ALS , URL: /wiki/Audio_Lossless_Coding
","?","?","?","?","?","?","?","?","?","?","?"
"aptX , URL: /wiki/AptX
","Yes","Yes","Yes","Yes","Yes","No","No","No","No","Yes","No"
"CELT , URL: /wiki/CELT
","Yes","Yes","Yes","Yes","Yes","Yes","No","Yes","No","No","No"
"E-AC3 , URL: /wiki/E-AC3
","Yes","Yes","Yes","Yes","Yes","?","?","?","Yes","?","?"
"FLAC , URL: /wiki/FLAC
","Yes","Yes","Yes","Yes","Yes","Yes","Yes","Yes","Yes","Yes","Yes"
"Monkey's Audio , URL: /wiki/Monkey%27s_Audio
","Yes","Yes","Yes","Yes","Yes","No","No","Yes","No","No","No"
"MP3 , URL: /wiki/MPEG-1_Audio_Layer_3
","Yes","Yes","Yes","Yes","Yes","Yes","Yes","Yes","Yes","Yes","Yes"
"Musepack , URL: /wiki/Musepack
","Yes","Yes","Yes","Yes","Yes","Yes","Yes","Yes","No","No","No"
"Opus , URL: /wiki/Opus_(codec)
","Yes","Yes","Yes","Yes","Yes","No","No","Yes","Yes","Yes","Yes"
"RealAudio , URL: /wiki/RealAudio
","Yes","Yes","Yes","Yes","Yes","Yes","Yes","Yes","No","No","No"
"Speex , URL: /wiki/Speex
","Yes","Yes","Yes","Yes","Yes","Yes","Yes","Yes","No","No","No"
"Vorbis , URL: /wiki/Vorbis
","Yes","Yes","Yes","Yes","Yes","Yes","Yes","Yes","?","Yes","Yes"
"True Audio (TTA) , URL: /wiki/TTA_(codec)
","Yes","Yes","Yes","Yes","Yes","Yes","Yes","Yes","?","Yes","Yes"
"WavPack , URL: /wiki/WavPack
","Yes","Yes","Yes","Yes","Yes","Yes","Yes","Yes","?","No","No"
"WMA , URL: /wiki/Windows_Media_Audio
","Yes","Yes[46]","Yes","Yes","Yes","Yes","Yes","Yes","?","Yes","No"
