"Model[158]","Launch","Model Number","Code name","Fab (nm)","Bus , URL: /wiki/Computer_bus
interface , URL: /wiki/I/O_interface
","Core clock (MHz)","Memory clock (MHz)","Core config1","Fillrate , URL: /wiki/Fillrate
","Fillrate , URL: /wiki/Fillrate
","Memory","Memory","Memory","Memory","API , URL: /wiki/Application_programming_interface
","API , URL: /wiki/Application_programming_interface
","GFLOPS , URL: /wiki/GFLOPS
","TDP (Watts)","Notes"
"Model[158]","Launch","Model Number","Code name","Fab (nm)","Bus , URL: /wiki/Computer_bus
interface , URL: /wiki/I/O_interface
","Core clock (MHz)","Memory clock (MHz)","Core config1","GP , URL: /wiki/Pixel
","GT , URL: /wiki/Texel_(graphics)
","MB , URL: /wiki/Megabyte
","GB , URL: /wiki/Gigabyte
","Bus type","bit , URL: /wiki/Bit
","Direct3D , URL: /wiki/Direct3D
","OpenGL , URL: /wiki/OpenGL
","GFLOPS , URL: /wiki/GFLOPS
","TDP (Watts)","Notes"
"Mobility Radeon HD 3100","August 1, 2008","RS780MC","RV620","55","PCIe x16 1.1","300","800 (system memory)","40:4:4","1.2","1.2","up to 512 from system memory","6.4/12.8","DDR2 , URL: /wiki/DDR2_SDRAM
","64/128","10.1","2.0 (3.3)","24","","UVD , URL: /wiki/UVD
"
"Mobility Radeon HD 3200","June 4, 2008","RS780MC","RV620","55","PCIe x16 1.1","500","800 (system memory)","40:4:4","2","2","up to 512 from system memory","6.4/12.8","DDR2 , URL: /wiki/DDR2_SDRAM
","64/128","10.1","2.0 (3.3)","40","","UVD , URL: /wiki/UVD
"
"Mobility Radeon HD 3410","July 25, 2008","M82-MPE","RV620","55","PCIe x16 1.1","400","400","40:4:4","1.6","1.6","256, 512","6.4","DDR2 , URL: /wiki/DDR2_SDRAM
","64","10.1","2.0 (3.3)","32","","UVD , URL: /wiki/UVD
"
"Mobility Radeon HD 3430","July 25, 2008","M82-SE","RV620","55","PCIe x16 2.0","450","400","40:4:4","1.8","1.8","256","6.4","DDR2 , URL: /wiki/DDR2_SDRAM
","64","10.1","2.0 (3.3)","36","","UVD , URL: /wiki/UVD
"
"Mobility Radeon HD 3450","January 7, 2008","M82","RV620","55","PCIe x16 2.0","500","400 700","40:4:4","2","2","256","6.4 11.2","GDDR3 , URL: /wiki/GDDR3
","64","10.1","2.0 (3.3)","40","","UVD , URL: /wiki/UVD
"
"Mobility Radeon HD 3470","January 7, 2008","M82-XT","RV620","55","PCIe x16 2.0","680","400 800","40:4:4","2.72","2.72","256","6.4 12.8","GDDR3 , URL: /wiki/GDDR3
","64","10.1","2.0 (3.3)","54.4","","UVD , URL: /wiki/UVD
"
"Mobility Radeon HD 3650","January 7, 2008","M86","RV635","55","PCIe x16 2.0","500","500 700","120:8:4","2","4","512 1024","16.0 22.4","GDDR4 , URL: /wiki/GDDR4
","128","10.1","3.3","120","","UVD , URL: /wiki/UVD
"
"Mobility Radeon HD 3670","January 7, 2008","M86-XT","RV635","55","PCIe x16 2.0","680","800","120:8:4","2.72","5.44","512 1024","25.6","GDDR4 , URL: /wiki/GDDR4
","128","10.1","2.0 (3.3)","163.2","30","UVD , URL: /wiki/UVD
"
"Mobility Radeon HD 3850","June 4, 2008","M88-L/M88-LP","RV670","55","PCIe x16 2.0","580","750","320:16:16","9.28","9.28","512","48.0","GDDR3","256","10.1","2.0 (3.3)","371.2","","UVD , URL: /wiki/UVD
"
"Mobility Radeon HD 3870","June 4, 2008","M88-LXT","RV670","55","PCIe x16 2.0","660","850","320:16:16","10.56","10.56","512","54.4","GDDR3","256","10.1","2.0 (3.3)","422.4","55","UVD , URL: /wiki/UVD
"
"Mobility Radeon HD 3850 X2","June 5, 2008","2x M88-L/M88-LP","R680","55","PCIe x16 2.0","580","750","2x [320:16:16]","2x 9.28","2x 9.28","2x 512","2x 48.0","GDDR3","2x 256","10.1","2.0 (3.3)","2x 371.2","","UVD , URL: /wiki/UVD
"
"Mobility Radeon HD 3870 X2","September 1, 2008","2x M88-LXT","R680","55","PCIe x16 2.0","660","850","2x [320:16:16]","2x 10.56","2x 10.56","2x 512","2x 54.4","GDDR3","2x 256","10.1","2.0 (3.3)","2x 422.4","110","UVD , URL: /wiki/UVD
"
